date,winner_tie,loser_tie,attendance
12/29/2021,Oklahoma,Oregon,59121
12/29/2020,Texas,Colorado,10822
12/31/2019,Texas,Utah,60147
12/28/2018,Washington State,Iowa State,60675
12/28/2017,Texas Christian,Stanford,57653
12/29/2016,Oklahoma State,Colorado,59815
1/2/2016,Texas Christian,Oregon,64569
1/2/2015,UCLA,Kansas State,60517
12/30/2013,Oregon,Texas,65918
12/29/2012,Texas,Oregon State,65277
12/29/2011,Baylor,Washington,65256
12/29/2010,Oklahoma State,Arizona,57593
1/2/2010,Texas Tech,Michigan State,64757
12/29/2008,Missouri,Northwestern,55986
12/29/2007,Penn State,Texas A&M,66166
12/30/2006,Texas,Iowa,65875
12/28/2005,Nebraska,Michigan,62000
12/29/2004,Ohio State,Oklahoma State,65265
12/29/2003,Nebraska,Michigan State,56226
12/28/2002,Wisconsin,Colorado,50690
12/29/2001,Iowa,Texas Tech,65232
12/30/2000,Nebraska,Northwestern,60028
12/28/1999,Penn State,Texas A&M,65380
12/29/1998,Purdue,Kansas State,60780
12/30/1997,Purdue,Oklahoma State,55552
12/29/1996,Iowa,Texas Tech,55677
12/28/1995,Texas A&M,Michigan,64597
12/31/1994,Washington State,Baylor,44106
12/31/1993,California,Iowa,45716
12/22/2021,Army,Missouri,34888
12/31/2020,Mississippi State,Tulsa,9000
1/4/2020,Tulane,Southern Mississippi,38513
12/22/2018,Army,Houston,44738
12/23/2017,Army,San Diego State,35986
12/23/2016,Louisiana Tech,Navy,40542
12/29/2015,California,Air Force,38915
1/2/2015,Houston,Pittsburgh,37888
12/30/2013,Navy,Middle Tennessee State,39246
12/29/2012,Rice,Air Force,40754
12/30/2011,Brigham Young,Tulsa,30258
12/30/2010,Army,Southern Methodist,36742
12/31/2009,Air Force,Houston,41414
12/31/2008,Houston,Air Force,41127
12/31/2007,California,Air Force,44009
12/23/2006,Utah,Tulsa,32412
12/23/2005,Kansas,Houston,33505
12/23/2004,Cincinnati,Marshall,27902
12/23/2003,Boise State,Texas Christian,38028
12/17/2021,Middle Tennessee State,Toledo,13596
12/20/2019,Buffalo,Charlotte,13547
12/21/2018,Florida International,Toledo,13510
12/22/2017,Ohio,Alabama-Birmingham,13585
12/23/2016,Old Dominion,Eastern Michigan,13422
12/24/2015,Western Michigan,Middle Tennessee State,13123
12/24/2014,Western Kentucky,Central Michigan,13667
12/23/2021,Central Florida,Florida,63669
12/23/2019,Central Florida,Marshall,28987
12/20/2018,Marshall,South Florida,14135
12/21/2017,Temple,Florida International,16363
12/26/2016,Mississippi State,Miami,15717
12/26/2015,Marshall,Connecticut,14652
12/26/2014,North Carolina State,Central Florida,26675
12/23/2013,East Carolina,Ohio,20053
12/21/2012,Central Florida,Ball State,21759
12/20/2011,Marshall,Florida International,20072
12/21/2010,Louisville,Southern Mississippi,20017
12/19/2009,Rutgers,Central Florida,29763
12/20/2008,South Florida,Memphis,25205
12/28/2021,Houston,Auburn,47100
1/2/2020,Cincinnati,Boston College,27193
12/22/2018,Wake Forest,Memphis,25717
12/23/2017,South Florida,Texas Tech,28623
12/29/2016,South Florida,South Carolina,31229
12/30/2015,Auburn,Memphis,59430
1/3/2015,Florida,East Carolina,30083
1/4/2014,Vanderbilt,Houston,42717
1/5/2013,Mississippi,Pittsburgh,59135
1/7/2012,Southern Methodist,Pittsburgh,29726
1/8/2011,Pittsburgh,Kentucky,41207
1/2/2010,Connecticut,South Carolina,45254
12/29/2008,Rutgers,North Carolina State,38582
12/22/2007,Cincinnati,Southern Mississippi,35258
12/23/2006,South Florida,East Carolina,32023
12/18/2021,Western Kentucky,Appalachian State,15429
12/22/2020,Brigham Young,Central Florida,6000
12/21/2019,Florida Atlantic,Southern Methodist,23187
12/18/2018,Alabama-Birmingham,Northern Illinois,22614
12/19/2017,Florida Atlantic,Akron,25912
12/20/2016,Western Kentucky,Memphis,24726
12/22/2015,Toledo,Temple,25908
12/23/2014,Marshall,Northern Illinois,29419
12/28/2021,Minnesota,West Virginia,21220
12/27/2019,Air Force,Washington State,34105
12/26/2018,Texas Christian,California,33121
12/26/2017,Kansas State,UCLA,32859
12/27/2016,Baylor,Boise State,33328
1/2/2016,West Virginia,Arizona State,39321
1/2/2015,Oklahoma State,Washington,35409
12/28/2013,Kansas State,Michigan,53284
12/29/2012,Michigan State,Texas Christian,44617
12/30/2011,Oklahoma,Iowa,54247
12/28/2010,Iowa,Missouri,53453
12/31/2009,Iowa State,Minnesota,45090
12/31/2008,Kansas,Minnesota,49103
12/31/2007,Oklahoma State,Indiana,48892
12/29/2006,Texas Tech,Minnesota,48391
12/27/2005,Arizona State,Rutgers,43536
12/28/2004,Oregon State,Notre Dame,45917
12/26/2003,California,Virginia Tech,42364
12/26/2002,Pittsburgh,Oregon State,40533
12/29/2001,Syracuse,Kansas State,40028
12/28/2000,Iowa State,Pittsburgh,41813
12/31/1999,Colorado,Boston College,35762
12/26/1998,Missouri,West Virginia,36147
12/27/1997,Arizona,New Mexico,49385
12/27/1996,Wisconsin,Utah,42122
12/27/1995,Texas Tech,Air Force,41004
12/29/1994,Brigham Young,Oklahoma,45122
12/29/1993,Kansas State,Wyoming,49075
12/29/1992,Washington State,Utah,40876
12/31/1991,Indiana,Baylor,35752
12/31/1990,California,Wyoming,36340
12/31/1989,Arizona,North Carolina State,37237
12/25/2021,Georgia State,Ball State,
12/25/2020,Buffalo,Marshall,2512
12/21/2019,Arkansas State,Florida International,16209
12/15/2018,Georgia Southern,Eastern Michigan,17710
12/16/2017,Middle Tennessee State,Arkansas State,20612
12/17/2016,Appalachian State,Toledo,20300
12/19/2015,Appalachian State,Ohio,21395
12/20/2014,Bowling Green State,South Alabama,20256
12/30/1948,Hardin-Simmons,Wichita State,4500
1/1/2022,Kentucky,Iowa,50769
1/1/2021,Northwestern,Auburn,15698
1/1/2020,Alabama,Michigan,59746
1/1/2019,Kentucky,Penn State,59167
1/1/2018,Notre Dame,Louisiana State,57726
12/31/2016,Louisiana State,Louisville,46063
1/1/2016,Michigan,Florida,63113
1/1/2015,Missouri,Minnesota,48624
1/1/2014,South Carolina,Wisconsin,56629
1/1/2013,Georgia,Nebraska,59712
1/2/2012,South Carolina,Nebraska,61351
1/1/2011,Alabama,Michigan State,61519
1/1/2010,Penn State,Louisiana State,63025
1/1/2009,Georgia,Michigan State,59681
1/1/2008,Michigan,Florida,69748
1/1/2007,Wisconsin,Arkansas,60774
1/2/2006,Wisconsin,Auburn,57221
1/1/2005,Iowa,Louisiana State,70229
1/1/2004,Georgia,Purdue,64565
1/1/2003,Auburn,Penn State,66334
1/1/2002,Tennessee,Michigan,59693
1/1/2001,Michigan,Auburn,66928
1/1/2000,Michigan State,Florida,62011
1/1/1999,Michigan,Arkansas,63584
1/1/1998,Florida,Penn State,72940
1/1/1997,Tennessee,Northwestern,63467
1/1/1996,Tennessee,Ohio State,70797
1/2/1995,Alabama,Ohio State,71195
1/1/1994,Penn State,Tennessee,72456
1/1/1993,Georgia,Ohio State,65861
1/1/1992,California,Clemson,64192
1/1/1991,Georgia Tech,Nebraska,72328
1/1/1990,Illinois,Virginia,60016
1/2/1989,Clemson,Oklahoma,53571
1/1/1988,Clemson,Penn State,53152
1/1/1987,Auburn,Southern California,51113
12/28/1985,Ohio State,Brigham Young,50920
12/22/1984,Georgia,Florida State,51821
12/17/1983,Tennessee,Maryland,50183
12/18/1982,Auburn,Boston College,51296
12/19/1981,Missouri,Southern Mississippi,50045
12/20/1980,Florida,Maryland,52541
12/22/1979,Louisiana State,Wake Forest,38666
12/23/1978,North Carolina State,Pittsburgh,31356
12/23/1977,Florida State,Texas Tech,44502
12/18/1976,Oklahoma State,Brigham Young,37812
12/20/1975,Miami,South Carolina,20247
12/21/1974,Miami,Georgia,20246
12/22/1973,Miami,Florida,37234
12/29/1972,Tampa,Kent State,20062
12/28/1971,Toledo,Richmond,16750
12/28/1970,Toledo,William & Mary,15164
12/26/1969,Toledo,Davidson,16311
12/27/1968,Richmond,Ohio,16144
12/16/1967,Tennessee-Martin,West Chester,5500
12/10/1966,Morgan State,West Chester,7138
12/11/1965,East Carolina,Maine,8350
12/12/1964,East Carolina,Massachusetts,8000
12/28/1963,Western Kentucky,Coast Guard,7500
12/22/1962,Houston,Miami,7500
12/29/1961,Lamar,Middle Tennessee State,6000
12/30/1960,Citadel,Tennessee Tech,13000
12/27/1958,Texas A&M-Commerce,Missouri Valley,4000
1/2/1956,Missouri Valley,Juniata,10000
1/2/1950,St. Vincent's,Emory & Henry,10000
1/10/2022,Georgia,Alabama,68311
1/11/2021,Alabama,Ohio State,14926
1/13/2020,Louisiana State,Clemson,76885
1/7/2019,Clemson,Alabama,74814
1/8/2018,Alabama,Georgia,77430
1/9/2017,Clemson,Alabama,74512
1/11/2016,Alabama,Clemson,75765
1/12/2015,Ohio State,Oregon,85689
12/31/2021,Alabama,Cincinnati,76313
12/30/2020,Oklahoma,Florida,17323
12/28/2019,Penn State,Memphis,54828
12/29/2018,Clemson,Notre Dame,72183
12/29/2017,Ohio State,Southern California,67510
1/2/2017,Wisconsin,Western Michigan,59615
12/31/2015,Alabama,Michigan State,82812
1/1/2015,Michigan State,Baylor,71464
1/3/2014,Missouri,Oklahoma State,72690
1/4/2013,Texas A&M,Oklahoma,87025
1/6/2012,Arkansas,Kansas State,80956
1/7/2011,Louisiana State,Texas A&M,83514
1/2/2010,Mississippi,Oklahoma State,77928
1/2/2009,Mississippi,Texas Tech,88175
1/1/2008,Missouri,Arkansas,73114
1/1/2007,Auburn,Nebraska,66777
1/2/2006,Alabama,Texas Tech,74222
1/1/2005,Tennessee,Texas A&M,75704
1/2/2004,Mississippi,Oklahoma State,73928
1/1/2003,Texas,Louisiana State,70817
1/1/2002,Oklahoma,Arkansas,72955
1/1/2001,Kansas State,Tennessee,63465
1/1/2000,Arkansas,Texas,72723
1/1/1999,Texas,Mississippi State,72611
1/1/1998,UCLA,Texas A&M,59215
1/1/1997,Brigham Young,Kansas State,71928
1/1/1996,Colorado,Oregon,58214
1/2/1995,Southern California,Texas Tech,70218
1/1/1994,Notre Dame,Texas A&M,69855
1/1/1993,Notre Dame,Texas A&M,71615
1/1/1992,Florida State,Texas A&M,73728
1/1/1991,Miami,Texas,73521
1/1/1990,Tennessee,Arkansas,74358
1/2/1989,UCLA,Arkansas,74304
1/1/1988,Texas A&M,Notre Dame,73006
1/1/1987,Ohio State,Texas A&M,74188
1/1/1986,Texas A&M,Auburn,73137
1/1/1985,Boston College,Houston,56522
1/2/1984,Georgia,Texas,67891
1/1/1983,Southern Methodist,Pittsburgh,60359
1/1/1982,Texas,Alabama,73243
1/1/1981,Alabama,Baylor,74281
1/1/1980,Houston,Nebraska,72032
1/2/1978,Notre Dame,Texas,76601
12/31/1966,Georgia,Southern Methodist,75400
1/2/1961,Duke,Arkansas,74000
1/2/1956,Mississippi,Texas Christian,75504
1/2/1950,Rice,North Carolina,75347
1/2/1939,Saint Mary's,Texas Tech,40000
12/17/2021,Coastal Carolina,Northern Illinois,9784
12/26/2020,Liberty,Coastal Carolina,4488
12/21/2019,Liberty,Georgia Southern,18158
12/15/2018,Tulane,Louisiana,19066
12/16/2017,Georgia State,Western Kentucky,19585
12/17/2016,Arkansas State,Central Florida,27213
12/19/2015,San Jose State,Georgia State,18536
12/30/2021,South Carolina,North Carolina,45520
12/30/2020,Wisconsin,Wake Forest,1500
12/21/2021,Wyoming,Kent State,10217
12/22/2020,Nevada,Tulane,0
1/3/2020,Ohio,Nevada,13611
12/21/2018,Brigham Young,Western Michigan,18711
12/22/2017,Wyoming,Central Michigan,16512
12/22/2016,Idaho,Colorado State,24975
12/22/2015,Akron,Utah State,18876
12/20/2014,Air Force,Western Michigan,18223
12/21/2013,San Diego State,Buffalo,21951
12/15/2012,Utah State,Toledo,29243
12/17/2011,Ohio,Utah State,28076
12/18/2010,Northern Illinois,Fresno State,25449
12/30/2009,Idaho,Bowling Green State,26726
12/30/2008,Maryland,Nevada,26781
12/31/2007,Fresno State,Georgia Tech,27062
12/31/2006,Miami,Nevada,28652
12/28/2005,Boston College,Boise State,30493
12/27/2004,Fresno State,Virginia,28516
1/3/2004,Georgia Tech,Tulsa,23118
12/31/2002,Boise State,Iowa State,30446
12/31/2001,Clemson,Louisiana Tech,23472
12/28/2000,Boise State,Texas-El Paso,26203
12/30/1999,Boise State,Louisville,29283
12/30/1998,Idaho,Southern Mississippi,19664
12/29/1997,Cincinnati,Utah State,16131
1/1/2022,Oklahoma State,Notre Dame,49550
1/2/2021,Iowa State,Oregon,0
12/28/2019,Clemson,Ohio State,71330
1/1/2019,Louisiana State,Central Florida,57246
12/30/2017,Penn State,Washington,61842
12/31/2016,Clemson,Ohio State,71279
1/1/2016,Ohio State,Notre Dame,71123
12/31/2014,Boise State,Arizona,66896
1/1/2014,Central Florida,Baylor,65172
1/3/2013,Oregon,Kansas State,70242
1/2/2012,Oklahoma State,Stanford,69927
1/1/2011,Oklahoma,Connecticut,67232
1/4/2010,Boise State,Texas Christian,73227
1/5/2009,Texas,Ohio State,72047
1/2/2008,West Virginia,Oklahoma,70016
1/1/2007,Boise State,Oklahoma,73719
1/2/2006,Ohio State,Notre Dame,76196
1/1/2005,Utah,Pittsburgh,73519
1/2/2004,Ohio State,Kansas State,73425
1/3/2003,Ohio State,Miami,77502
1/1/2002,Oregon,Colorado,74118
1/1/2001,Oregon State,Notre Dame,75428
1/2/2000,Nebraska,Tennessee,71526
1/4/1999,Tennessee,Florida State,80470
12/31/1997,Kansas State,Syracuse,69367
1/1/1997,Penn State,Texas,65106
1/2/1996,Nebraska,Florida,79864
1/2/1995,Colorado,Notre Dame,73968
1/1/1994,Arizona,Miami,72260
1/1/1993,Syracuse,Colorado,70224
1/1/1992,Penn State,Tennessee,71133
1/1/1991,Louisville,Alabama,69098
1/1/1990,Florida State,Nebraska,73953
1/2/1989,Notre Dame,West Virginia,74911
1/1/1988,Florida State,Nebraska,72112
1/2/1987,Penn State,Miami,73098
1/1/1986,Michigan,Nebraska,72454
1/1/1985,UCLA,Miami,60310
1/2/1984,Ohio State,Pittsburgh,66484
1/1/1983,Arizona State,Oklahoma,70533
1/1/1982,Penn State,Southern California,71053
12/26/1980,Penn State,Ohio State,66738
12/25/1979,Pittsburgh,Arizona,55347
12/25/1978,UCLA,Arkansas,55227
12/25/1977,Penn State,Arizona State,57727
12/25/1976,Oklahoma,Wyoming,48174
12/26/1975,Arizona State,Nebraska,51396
12/28/1974,Oklahoma State,Brigham Young,50878
12/21/1973,Arizona State,Pittsburgh,50878
12/23/1972,Arizona State,Missouri,51318
12/27/1971,Arizona State,Florida State,51089
12/21/2021,San Diego State,Texas-San Antonio,15801
12/20/2019,Kent State,Utah State,12120
12/19/2018,Ohio,San Diego State,11029
12/20/2017,Louisiana Tech,Southern Methodist,14419
12/23/2021,Miami,North Texas,11721
12/31/2021,Wake Forest,Rutgers,28508
1/2/2021,Kentucky,North Carolina State,10422
1/2/2020,Tennessee,Indiana,61789
12/31/2018,Texas A&M,North Carolina State,38206
12/30/2017,Mississippi State,Louisville,41310
12/31/2016,Georgia Tech,Kentucky,43102
1/2/2016,Georgia,Penn State,58212
1/2/2015,Tennessee,Iowa,56310
1/1/2014,Nebraska,Georgia,60712
1/1/2013,Northwestern,Mississippi State,48612
1/2/2012,Florida,Ohio State,61312
1/1/2011,Mississippi State,Michigan,68325
1/1/2010,Florida State,West Virginia,84129
1/1/2009,Nebraska,Clemson,67282
1/1/2008,Texas Tech,Virginia,60243
1/1/2007,West Virginia,Georgia Tech,67704
1/2/2006,Virginia Tech,Louisville,63780
1/1/2005,Florida State,West Virginia,70112
1/1/2004,Maryland,West Virginia,78892
1/1/2003,North Carolina State,Notre Dame,73491
1/1/2002,Florida State,Virginia Tech,72202
1/1/2001,Virginia Tech,Clemson,68741
1/1/2000,Miami,Georgia Tech,43416
1/1/1999,Georgia Tech,Notre Dame,70791
1/1/1998,North Carolina,Virginia Tech,54116
1/1/1997,North Carolina,West Virginia,52103
1/1/1996,Syracuse,Clemson,45202
12/30/1994,Tennessee,Virginia Tech,62200
12/31/1993,Alabama,North Carolina,67205
12/31/1992,Florida,North Carolina State,71233
12/29/1991,Oklahoma,Virginia,62003
1/1/1991,Michigan,Mississippi,68927
12/30/1989,Clemson,West Virginia,82911
1/1/1989,Georgia,Michigan State,76236
12/31/1987,Louisiana State,South Carolina,82119
12/27/1986,Clemson,Stanford,80104
12/30/1985,Florida State,Oklahoma State,79417
12/28/1984,Oklahoma State,South Carolina,82138
12/30/1983,Florida,Iowa,81293
12/30/1982,Florida State,West Virginia,80913
12/28/1981,North Carolina,Arkansas,71009
12/29/1980,Pittsburgh,South Carolina,72297
12/28/1979,North Carolina,Michigan,70407
12/29/1978,Clemson,Ohio State,72011
12/30/1977,Pittsburgh,Clemson,72289
12/27/1976,Notre Dame,Penn State,67827
12/29/1975,Maryland,Florida,64012
12/30/1974,Auburn,Texas,63811
12/29/1973,Texas Tech,Tennessee,62109
12/30/1972,Auburn,Colorado,71114
12/31/1971,Georgia,North Carolina,71208
1/2/1971,Auburn,Mississippi,71136
12/27/1969,Florida,Tennessee,72248
12/28/1968,Missouri,Alabama,68011
12/30/1967,Penn State,Florida State,68019
12/31/1966,Tennessee,Syracuse,60312
12/31/1965,Georgia Tech,Texas Tech,60127
1/2/1965,Florida State,Oklahoma,50408
12/28/1963,North Carolina,Air Force,50018
12/29/1962,Florida,Penn State,50026
12/30/1961,Penn State,Georgia Tech,50202
12/31/1960,Florida,Baylor,50122
1/2/1960,Arkansas,Georgia Tech,45104
12/27/1958,Mississippi,Florida,41312
12/28/1957,Tennessee,Texas A&M,41160
12/29/1956,Georgia Tech,Pittsburgh,36256
12/31/1955,Vanderbilt,Auburn,32174
12/31/1954,Auburn,Baylor,28426
1/2/1950,Maryland,Missouri,18409
12/18/2021,Liberty,Eastern Michigan,15186
12/26/2020,Georgia State,Western Kentucky,5128
1/6/2020,Louisiana,Miami,29212
12/22/2018,Troy,Buffalo,31818
12/23/2017,Appalachian State,Toledo,28706
12/23/2016,Troy,Ohio,32377
12/23/2015,Georgia Southern,Bowling Green,28656
1/4/2015,Toledo,Arkansas State,36811
1/5/2014,Arkansas State,Ball State,36119
1/6/2013,Arkansas State,Kent State,37913
1/8/2012,Northern Illinois,Arkansas State,38734
1/6/2011,Miami,Middle Tennessee State,38168
1/6/2010,Central Michigan,Troy,34486
1/6/2009,Tulsa,Ball State,32816
1/6/2008,Tulsa,Bowling Green,36932
1/7/2007,Southern Mississippi,Ohio,38751
12/21/2005,Toledo,Texas-El Paso,35422
12/22/2004,Bowling Green,Memphis,40160
12/18/2003,Miami,Louisville,40620
12/18/2002,Marshall,Louisville,40646
12/19/2001,Marshall,East Carolina,40139
12/20/2000,Southern Mississippi,Texas Christian,40300
12/22/1999,Texas Christian,East Carolina,34200
12/28/2021,Air Force,Louisville,15251
12/26/2020,Louisiana,Texas-San Antonio,3512
12/30/2019,Western Kentucky,Western Michigan,13164
12/26/2017,Utah,West Virginia,20507
12/27/2016,Army,North Texas,39117
12/26/2015,Washington,Southern Mississippi,20229
12/26/2014,Louisiana Tech,Illinois,31297
1/1/2014,North Texas,Nevada-Las Vegas,38380
1/1/2013,Oklahoma State,Purdue,48313
1/2/2012,Houston,Penn State,46817
1/1/2011,Texas Tech,Northwestern,40121
12/18/2021,Alabama-Birmingham,Brigham Young,26276
12/26/2019,Louisiana Tech,Miami,33129
12/27/2018,Duke,Temple,27492
12/27/2017,Florida State,Southern Mississippi,33601
12/26/2016,North Carolina State,Vanderbilt,28995
12/26/2015,Virginia Tech,Tulsa,31289
12/27/2014,South Carolina,Miami,38242
12/31/2013,Arizona,Boston College,36917
12/28/2012,Ohio,Louisiana-Monroe,41853
12/26/2011,Missouri,North Carolina,41728
12/27/2010,Air Force,Georgia Tech,39362
12/28/2009,Georgia,Texas A&M,49653
12/28/2008,Louisiana Tech,Northern Illinois,41567
12/30/2007,Alabama,Colorado,47043
12/28/2006,Oklahoma State,Alabama,45054
12/30/2005,Missouri,South Carolina,41332
12/28/2004,Iowa State,Miami,43000
12/31/2003,Arkansas,Missouri,49625
12/27/2002,Mississippi,Nebraska,46096
12/27/2001,Alabama,Iowa State,45627
12/31/2000,Mississippi State,Texas A&M,36974
12/31/1999,Mississippi,Oklahoma,49873
12/31/1998,Mississippi,Texas Tech,46862
12/28/1997,Louisiana State,Notre Dame,50459
12/31/1996,Auburn,Army,41366
12/29/1995,Louisiana State,Michigan State,48835
12/28/1994,Virginia,Texas Christian,27242
12/31/1993,Virginia Tech,Indiana,33819
12/31/1992,Wake Forest,Oregon,31337
12/29/1991,Georgia,Arkansas,46932
12/15/1990,Maryland,Louisiana Tech,48325
12/16/1989,Oregon,Tulsa,30333
12/23/1988,Southern Mississippi,Texas-El Paso,20242
12/19/1987,Washington,Tulane,41683
12/20/1986,Mississippi,Texas Tech,46369
12/21/1985,Minnesota,Clemson,42800
12/15/1984,Air Force,Virginia Tech,41000
12/10/1983,Air Force,Mississippi,41274
12/11/1982,Wisconsin,Kansas State,49503
12/12/1981,Texas A&M,Oklahoma State,47300
12/13/1980,Southern Mississippi,McNeese State,45000
12/15/1979,Syracuse,McNeese State,27234
12/16/1978,East Carolina,Louisiana Tech,18200
12/17/1977,Louisiana Tech,Louisville,18500
12/13/1976,McNeese State,Tulsa,15542
12/18/2021,Utah State,Oregon State,29896
12/30/2021,Wisconsin,Arizona State,32515
12/21/2019,Washington,Boise State,34197
12/15/2018,Fresno State,Arizona State,37146
12/16/2017,Boise State,Oregon,36432
12/17/2016,San Diego State,Houston,29286
12/19/2015,Utah,Brigham Young,42213
12/20/2014,Utah,Colorado State,33067
12/21/2013,Southern California,Fresno State,42178
12/22/2012,Boise State,Washington,33217
12/22/2011,Boise State,Arizona State,35720
12/22/2010,Boise State,Utah,41923
12/22/2009,Brigham Young,Oregon State,40018
12/20/2008,Arizona,Brigham Young,40047
12/22/2007,Brigham Young,UCLA,40712
12/21/2006,Brigham Young,Oregon,44615
12/22/2005,California,Brigham Young,40053
12/23/2004,Wyoming,UCLA,29062
12/24/2003,Oregon State,New Mexico,25437
12/25/2002,UCLA,New Mexico,30324
12/25/2001,Utah,Southern California,30894
12/21/2000,Nevada-Las Vegas,Arkansas,29113
12/18/1999,Utah,Fresno State,28227
12/19/1998,North Carolina,San Diego State,21429
12/20/1997,Oregon,Air Force,21514
12/19/1996,Nevada,Ball State,10118
12/14/1995,Toledo,Nevada,11127
12/15/1994,Nevada-Las Vegas,Central Michigan,17562
12/17/1993,Utah State,Ball State,15508
12/18/1992,Bowling Green,Nevada,15476
12/28/2021,Texas Tech,Mississippi State,48615
12/31/2020,West Virginia,Army,8187
12/31/2019,Navy,Kansas State,50515
12/31/2018,Oklahoma State,Missouri,51587
12/30/2017,Iowa State,Memphis,57266
12/30/2016,Georgia,Texas Christian,51087
1/2/2016,Arkansas,Kansas State,61136
12/29/2014,Texas A&M,West Virginia,51282
12/31/2013,Mississippi State,Rice,57846
12/31/2012,Tulsa,Iowa State,53687
12/31/2011,Cincinnati,Vanderbilt,57103
12/31/2010,Central Florida,Georgia,51231
1/2/2010,Arkansas,East Carolina,62742
1/2/2009,Kentucky,East Carolina,56125
12/29/2007,Mississippi State,Central Florida,63816
12/29/2006,South Carolina,Houston,56103
12/31/2005,Tulsa,Fresno State,54894
12/31/2004,Louisville,Boise State,58355
12/31/2003,Utah,Southern Mississippi,55989
12/31/2002,Texas Christian,Colorado State,55207
12/31/2001,Louisville,Brigham Young,58968
12/29/2000,Colorado State,Louisville,58302
12/31/1999,Southern Mississippi,Colorado State,54866
12/31/1998,Tulane,Brigham Young,52192
12/31/1997,Southern Mississippi,Pittsburgh,50209
12/27/1996,Syracuse,Houston,49163
12/30/1995,East Carolina,Stanford,47398
12/31/1994,Illinois,East Carolina,33280
12/28/1993,Louisville,Michigan State,21097
12/31/1992,Mississippi,Air Force,32107
12/29/1991,Air Force,Mississippi State,61497
12/27/1990,Air Force,Ohio State,13144
12/28/1989,Mississippi,Air Force,60128
12/28/1988,Indiana,South Carolina,39210
12/29/1987,Georgia,Arkansas,53249
12/29/1986,Tennessee,Minnesota,51327
12/27/1985,Baylor,Louisiana State,40186
12/27/1984,Auburn,Arkansas,50108
12/29/1983,Notre Dame,Boston College,38229
12/29/1982,Alabama,Illinois,54123
12/30/1981,Ohio State,Navy,43216
12/27/1980,Purdue,Missouri,53667
12/22/1979,Penn State,Tulane,50021
12/23/1978,Missouri,Louisiana State,53064
12/19/1977,Nebraska,North Carolina,49456
12/20/1976,Alabama,UCLA,52736
12/22/1975,Southern California,Texas A&M,52129
12/16/1974,Tennessee,Maryland,51284
12/17/1973,North Carolina State,Kansas,50011
12/18/1972,Georgia Tech,Iowa State,50021
12/20/1971,Tennessee,Arkansas,51410
12/12/1970,Tulane,Colorado,44640
12/13/1969,Colorado,Alabama,50042
12/14/1968,Mississippi,Virginia Tech,46206
12/16/1967,North Carolina State,Georgia,35045
12/10/1966,Miami,Virginia Tech,39101
12/18/1965,Mississippi,Auburn,38607
12/19/1964,Utah,West Virginia,6059
12/21/1963,Mississippi State,North Carolina State,8309
12/15/1962,Oregon State,Villanova,17048
12/16/1961,Syracuse,Miami,15712
12/17/1960,Penn State,Oregon,16624
12/19/1959,Penn State,Alabama,36211
1/4/2022,Kansas State,Louisiana State,52207
12/27/2019,Texas A&M,Oklahoma State,68415
12/27/2018,Baylor,Vanderbilt,51104
12/27/2017,Texas,Missouri,67820
12/28/2016,Kansas State,Texas A&M,71054
12/29/2015,Louisiana State,Texas Tech,71054
12/29/2014,Arkansas,Texas,71115
12/28/2012,Texas Tech,Minnesota,50386
12/31/2011,Texas A&M,Northwestern,68395
12/29/2010,Illinois,Baylor,68211
12/31/2009,Navy,Missouri,69441
12/30/2008,Rice,Western Michigan,58880
12/28/2007,Texas Christian,Houston,62097
12/28/2006,Rutgers,Kansas State,52210
12/30/2021,Purdue,Tennessee,69489
12/30/2019,Louisville,Mississippi State,46850
12/28/2018,Auburn,Purdue,59024
12/29/2017,Northwestern,Kentucky,48675
12/30/2016,Tennessee,Nebraska,68496
12/30/2015,Louisville,Texas A&M,50478
12/30/2014,Notre Dame,Louisiana State,60149
12/30/2013,Mississippi,Georgia Tech,52125
12/31/2012,Vanderbilt,North Carolina State,55801
12/30/2011,Mississippi State,Wake Forest,55208
12/30/2010,North Carolina,Tennessee,69143
12/27/2009,Clemson,Kentucky,57280
12/31/2008,Vanderbilt,Boston College,54250
12/31/2007,Kentucky,Florida State,68661
12/29/2006,Kentucky,Clemson,68024
12/30/2005,Virginia,Minnesota,40519
12/31/2004,Minnesota,Alabama,66089
12/31/2003,Auburn,Wisconsin,55109
12/30/2002,Minnesota,Arkansas,39183
12/28/2001,Boston College,Georgia,46125
12/28/2000,West Virginia,Mississippi,47119
12/29/1999,Syracuse,Kentucky,59221
12/29/1998,Virginia Tech,Alabama,41248
12/20/2021,Tulsa,Old Dominion,6557
12/21/2020,Appalachian State,North Texas,5000
12/18/2021,Fresno State,Texas-El Paso,16422
12/24/2020,Hawaii,Houston,2060
12/21/2019,San Diego State,Central Michigan,18823
12/15/2018,Utah State,North Texas,25387
12/16/2017,Marshall,Colorado State,26087
12/17/2016,New Mexico,Texas-San Antonio,29688
12/19/2015,Arizona,New Mexico,30289
12/20/2014,Utah State,Texas-El Paso,28725
12/21/2013,Colorado State,Washington State,27104
12/15/2012,Arizona,Nevada,24610
12/17/2011,Temple,Wyoming,25762
12/18/2010,Brigham Young,Texas-El Paso,32424
12/19/2009,Wyoming,Fresno State,24898
12/20/2008,Colorado State,Fresno State,24735
12/22/2007,New Mexico,Nevada,30233
12/23/2006,San Jose State,New Mexico,34111
12/18/2021,Louisiana,Marshall,21642
12/23/2020,Georgia Southern,Louisiana Tech,3000
12/21/2019,Appalachian State,Alabama-Birmingham,21202
12/15/2018,Appalachian State,Middle Tennessee State,23942
12/16/2017,Troy,North Texas,24904
12/17/2016,Southern Mississippi,Louisiana,35061
12/19/2015,Louisiana Tech,Arkansas State,32487
12/20/2014,Louisiana,Nevada,34014
12/21/2013,Louisiana,Tulane,54728
12/22/2012,Louisiana,East Carolina,48828
12/17/2011,Louisiana,San Diego State,42841
12/18/2010,Troy,Ohio,29159
12/20/2009,Middle Tennessee State,Southern Mississippi,30228
12/21/2008,Southern Mississippi,Troy,30197
12/21/2007,Florida Atlantic,Memphis,25146
12/22/2006,Troy,Rice,24791
12/20/2005,Southern Mississippi,Arkansas State,18338
12/14/2004,Southern Mississippi,North Texas,27253
12/16/2003,Memphis,North Texas,25184
12/17/2002,North Texas,Cincinnati,19024
12/18/2001,Colorado State,North Texas,27004
12/31/2021,Georgia,Michigan,66839
1/2/2021,Texas A&M,North Carolina,13737
12/30/2019,Florida,Virginia,65157
12/29/2018,Alabama,Oklahoma,66203
12/30/2017,Wisconsin,Miami,65326
12/30/2016,Florida State,Michigan,65326
12/31/2015,Clemson,Oklahoma,67615
12/31/2014,Georgia Tech,Mississippi State,58211
1/3/2014,Clemson,Ohio State,72080
1/1/2013,Florida State,Northern Illinois,72073
1/4/2012,West Virginia,Clemson,67563
1/3/2011,Stanford,Virginia Tech,65453
1/5/2010,Iowa,Georgia Tech,66131
1/1/2009,Virginia Tech,Cincinnati,73602
1/3/2008,Kansas,Virginia Tech,74111
1/2/2007,Louisville,Wake Forest,74470
1/3/2006,Penn State,Florida State,77773
1/4/2005,Southern California,Oklahoma,77912
1/1/2004,Miami,Florida State,76739
1/2/2003,Southern California,Iowa,75971
1/2/2002,Florida,Maryland,73640
1/3/2001,Oklahoma,Florida State,76835
1/1/2000,Michigan,Alabama,70461
1/2/1999,Florida,Syracuse,67919
1/2/1998,Nebraska,Tennessee,74002
12/31/1996,Nebraska,Virginia Tech,63297
1/1/1996,Florida State,Notre Dame,72198
1/1/1995,Nebraska,Miami,81753
1/1/1994,Florida State,Nebraska,81536
1/1/1993,Florida State,Nebraska,57324
1/1/1992,Miami,Nebraska,77747
1/1/1991,Colorado,Notre Dame,77062
1/1/1990,Notre Dame,Colorado,81190
1/2/1989,Miami,Nebraska,79480
1/1/1988,Miami,Oklahoma,74760
1/1/1987,Oklahoma,Arkansas,52717
1/1/1986,Oklahoma,Penn State,74178
1/1/1985,Washington,Oklahoma,56294
1/2/1984,Miami,Nebraska,72549
1/1/1983,Nebraska,Louisiana State,68713
1/1/1982,Clemson,Nebraska,72748
1/1/1981,Oklahoma,Florida State,71043
1/1/1980,Oklahoma,Florida State,66714
1/2/1978,Arkansas,Oklahoma,60987
1/2/1967,Florida,Georgia Tech,72426
1/2/1961,Missouri,Navy,72212
1/2/1956,Oklahoma,Maryland,76561
1/2/1950,Santa Clara,Kentucky,64816
1/2/1939,Tennessee,Oklahoma,32191
1/1/2022,Arkansas,Penn State,49577
1/2/2021,Mississippi,Indiana,11025
1/1/2020,Minnesota,Auburn,45652
1/1/2019,Iowa,Mississippi State,40518
1/1/2018,South Carolina,Michigan,45687
1/2/2017,Florida,Iowa,51119
1/1/2016,Tennessee,Northwestern,53202
1/1/2015,Wisconsin,Auburn,44023
1/1/2014,Louisiana State,Iowa,51296
1/1/2013,South Carolina,Michigan,54527
1/2/2012,Michigan State,Georgia,49429
1/1/2011,Florida,Penn State,60574
1/1/2010,Auburn,Northwestern,49383
1/1/2009,Iowa,South Carolina,55117
1/1/2008,Tennessee,Wisconsin,60121
1/1/2007,Penn State,Tennessee,65601
1/2/2006,Florida,Iowa,65881
1/1/2005,Georgia,Wisconsin,62414
1/1/2004,Iowa,Florida,65372
1/1/2003,Michigan,Florida,65101
1/1/2002,South Carolina,Ohio State,66249
1/1/2001,South Carolina,Ohio State,65229
1/1/2000,Georgia,Purdue,54059
1/1/1999,Penn State,Kentucky,66005
1/1/1998,Georgia,Wisconsin,56186
1/1/1997,Alabama,Michigan,53161
1/1/1996,Penn State,Auburn,65313
1/2/1995,Wisconsin,Duke,61384
1/1/1994,Michigan,North Carolina State,52649
1/1/1993,Tennessee,Boston College,52056
1/1/1992,Syracuse,Ohio State,57789
1/1/1991,Clemson,Illinois,63154
1/1/1990,Auburn,Ohio State,52535
1/2/1989,Syracuse,Louisiana State,51112
1/2/1988,Michigan,Alabama,60156
12/23/1986,Boston College,Georgia,25368
12/30/2021,Michigan State,Pittsburgh,41230
1/1/2021,Georgia,Cincinnati,15301
12/28/2019,Louisiana State,Oklahoma,78347
12/29/2018,Florida,Michigan,74006
1/1/2018,Central Florida,Auburn,71109
12/31/2016,Alabama,Washington,75996
12/31/2015,Houston,Florida State,71007
12/31/2014,Texas Christian,Mississippi,65706
12/31/2013,Texas A&M,Duke,67496
12/31/2012,Clemson,Louisiana State,68027
12/31/2011,Auburn,Virginia,72919
12/31/2010,Florida State,South Carolina,72217
12/31/2009,Virginia Tech,Tennessee,73777
12/31/2008,Louisiana State,Georgia Tech,71423
12/31/2007,Auburn,Clemson,74413
12/30/2006,Georgia,Virginia Tech,75406
12/30/2005,Louisiana State,Miami,65620
12/31/2004,Miami,Florida,69322
1/2/2004,Clemson,Tennessee,75125
12/31/2002,Maryland,Tennessee,68330
12/31/2001,North Carolina,Auburn,71827
12/29/2000,Louisiana State,Georgia Tech,73614
12/30/1999,Mississippi State,Clemson,73315
12/31/1998,Georgia,Virginia,72876
1/2/1998,Auburn,Clemson,71212
12/28/1996,Louisiana State,Clemson,63622
12/30/1995,Virginia,Georgia,70825
1/1/1995,North Carolina State,Mississippi State,64902
12/31/1993,Clemson,Kentucky,63416
1/2/1993,North Carolina,Mississippi State,69125
1/1/1992,East Carolina,North Carolina State,59322
12/29/1990,Auburn,Indiana,38912
12/30/1989,Syracuse,Georgia,44991
12/31/1988,North Carolina State,Iowa,44635
1/2/1988,Tennessee,Indiana,58737
12/31/1986,Virginia Tech,North Carolina State,53668
12/31/1985,Army,Illinois,29857
12/31/1984,Virginia,Purdue,41107
12/30/1983,Florida State,North Carolina,25648
12/31/1982,Iowa,Tennessee,50134
12/31/1981,West Virginia,Florida,37582
1/2/1981,Miami,Virginia Tech,45384
12/31/1979,Baylor,Clemson,57731
12/25/1978,Purdue,Georgia Tech,20277
12/31/1977,North Carolina State,Iowa State,36733
12/31/1976,Kentucky,North Carolina,54132
12/31/1975,West Virginia,North Carolina State,45134
12/28/1974,Vanderbilt,Texas Tech,31695
12/28/1973,Georgia,Maryland,38107
12/29/1972,North Carolina State,West Virginia,52671
12/30/1971,Mississippi,Georgia Tech,36711
12/30/1970,Arizona State,North Carolina,52126
12/30/1969,West Virginia,South Carolina,48452
12/30/1968,Louisiana State,Florida State,35545
12/29/2021,Maryland,Virginia Tech,29653
12/27/2019,Michigan State,Wake Forest,36895
12/27/2018,Wisconsin,Miami,37821
12/27/2017,Iowa,Boston College,37667
12/28/2016,Northwestern,Pittsburgh,37918
12/26/2015,Duke,Indiana,37218
12/27/2014,Penn State,Boston College,49012
12/28/2013,Notre Dame,Rutgers,47122
12/29/2012,Syracuse,West Virginia,39098
12/30/2011,Rutgers,Iowa State,38328
12/30/2010,Syracuse,Kansas State,38274
12/27/2021,Western Michigan,Nevada,22321
12/26/2019,Pittsburgh,Eastern Michigan,34765
12/26/2018,Minnesota,Georgia Tech,27228
12/26/2017,Duke,Northern Illinois,20211
12/26/2016,Boston College,Maryland,19117
12/28/2015,Minnesota,Central Michigan,34217
12/26/2014,Rutgers,North Carolina,23876
1/1/2022,Ohio State,Utah,87842
1/1/2021,Alabama,Notre Dame,18373
1/1/2020,Oregon,Wisconsin,90462
1/1/2019,Ohio State,Washington,91853
1/1/2018,Georgia,Oklahoma,92844
1/2/2017,Southern California,Penn State,95128
1/1/2016,Stanford,Iowa,94268
1/1/2015,Oregon,Florida State,91322
1/1/2014,Michigan State,Stanford,95173
1/1/2013,Stanford,Wisconsin,93359
1/2/2012,Oregon,Wisconsin,91245
1/1/2011,Texas Christian,Wisconsin,94118
1/1/2010,Ohio State,Oregon,93963
1/1/2009,Southern California,Penn State,93293
1/1/2008,Southern California,Illinois,93923
1/1/2007,Southern California,Michigan,93852
1/4/2006,Texas,Southern California,93986
1/1/2005,Texas,Michigan,93468
1/1/2004,Southern California,Michigan,93849
1/1/2003,Oklahoma,Washington State,86848
1/3/2002,Miami,Nebraska,93781
1/1/2001,Washington,Purdue,94392
1/1/2000,Wisconsin,Stanford,93731
1/1/1999,Wisconsin,UCLA,93872
1/1/1998,Michigan,Washington State,101219
1/1/1997,Ohio State,Arizona State,100635
1/1/1996,Southern California,Northwestern,100102
1/2/1995,Penn State,Oregon,102247
1/1/1994,Wisconsin,UCLA,101237
1/1/1993,Michigan,Washington,94236
1/1/1992,Washington,Michigan,103566
1/1/1991,Washington,Iowa,101273
1/1/1990,Southern California,Michigan,103450
1/2/1989,Michigan,Southern California,101688
1/1/1988,Michigan State,Southern California,103847
1/1/1987,Arizona State,Michigan,103168
1/1/1986,UCLA,Iowa,103292
1/1/1985,Southern California,Ohio State,102594
1/2/1984,UCLA,Illinois,103217
1/1/1983,UCLA,Michigan,104991
1/1/1982,Washington,Iowa,105611
1/1/1981,Michigan,Washington,104863
1/1/1980,Southern California,Ohio State,105526
1/2/1978,Washington,Michigan,105312
1/2/1967,Purdue,Southern California,100807
1/2/1961,Washington,Minnesota,97314
1/2/1956,Michigan State,UCLA,100809
1/2/1950,Ohio State,California,100963
1/2/1939,Southern California,Duke,89452
1/2/1933,Southern California,Pittsburgh,78874
1/2/1928,Stanford,Pittsburgh,65000
1/2/1922,Washington & Jefferson,California,50000
12/29/2021,Clemson,Iowa State,39051
12/29/2020,Oklahoma State,Miami,0
12/28/2019,Notre Dame,Iowa State,46948
12/28/2018,Syracuse,West Virginia,41125
12/28/2017,Oklahoma State,Virginia Tech,39610
12/28/2016,Miami,West Virginia,48625
12/29/2015,Baylor,North Carolina,40418
12/29/2014,Clemson,Oklahoma,40071
12/28/2013,Louisville,Miami,51100
12/28/2012,Virginia Tech,Rutgers,48127
12/29/2011,Florida State,Notre Dame,68305
12/28/2010,North Carolina State,West Virginia,48962
12/29/2009,Wisconsin,Miami,56747
12/27/2008,Florida State,Wisconsin,52692
12/28/2007,Boston College,Michigan State,46554
12/29/2006,Maryland,Purdue,40168
12/27/2005,Clemson,Colorado,31470
12/21/2004,Georgia Tech,Syracuse,28237
12/22/2003,North Carolina State,Kansas,26482
12/23/2002,Texas Tech,Clemson,21689
12/20/2001,Pittsburgh,North Carolina State,28562
12/28/2000,North Carolina State,Minnesota,28359
12/30/1999,Illinois,Virginia,31089
12/29/1998,Miami,North Carolina State,44387
12/29/1997,Georgia Tech,West Virginia,28262
12/27/1996,Miami,Virginia,46418
12/30/1995,North Carolina,Arkansas,34428
1/2/1995,South Carolina,West Virginia,50833
1/1/1994,Boston College,Virginia,38516
1/1/1993,Stanford,Penn State,45554
12/28/1991,Alabama,Colorado,52644
12/28/1990,Florida State,Penn State,74021
1/1/2022,Baylor,Mississippi,66479
1/1/2021,Ohio State,Clemson,3000
1/1/2020,Georgia,Baylor,55211
1/1/2019,Texas,Georgia,71449
1/1/2018,Alabama,Clemson,72360
1/2/2017,Oklahoma,Auburn,54077
1/1/2016,Mississippi,Oklahoma State,72117
1/1/2015,Ohio State,Alabama,74682
1/2/2014,Oklahoma,Alabama,70473
1/2/2013,Louisville,Florida,54178
1/3/2012,Michigan,Virginia Tech,64512
1/4/2011,Ohio State,Arkansas,73879
1/1/2010,Florida,Cincinnati,65207
1/2/2009,Utah,Alabama,71872
1/1/2008,Georgia,Hawaii,74383
1/3/2007,Louisiana State,Notre Dame,77781
1/2/2006,West Virginia,Georgia,74456
1/3/2005,Auburn,Virginia Tech,77349
1/4/2004,Louisiana State,Oklahoma,79342
1/1/2003,Georgia,Florida State,74269
1/1/2002,Louisiana State,Illinois,77688
1/2/2001,Miami,Florida,64407
1/4/2000,Florida State,Virginia Tech,79280
1/1/1999,Ohio State,Texas A&M,76503
1/1/1998,Florida State,Ohio State,67289
1/2/1997,Florida,Florida State,78344
12/31/1995,Virginia Tech,Texas,70283
1/2/1995,Florida State,Florida,76224
1/1/1994,Florida,West Virginia,75437
1/1/1993,Alabama,Miami,76789
1/1/1992,Notre Dame,Florida,76447
1/1/1991,Tennessee,Virginia,75132
1/1/1990,Miami,Alabama,77452
1/2/1989,Florida State,Auburn,61934
1/1/1988,Syracuse,Auburn,75495
1/1/1987,Nebraska,Louisiana State,76234
1/1/1986,Tennessee,Miami,77432
1/1/1985,Nebraska,Louisiana State,75608
1/2/1984,Auburn,Michigan,77893
1/1/1983,Penn State,Georgia,78124
1/1/1982,Pittsburgh,Georgia,77224
1/1/1981,Georgia,Notre Dame,77895
1/1/1980,Alabama,Arkansas,77486
1/2/1978,Alabama,Ohio State,76811
12/31/1975,Alabama,Penn State,75212
12/31/1974,Nebraska,Florida,67890
12/31/1973,Notre Dame,Alabama,85161
12/31/1972,Oklahoma,Penn State,80123
1/2/1967,Alabama,Nebraska,82000
1/2/1961,Mississippi,Rice,82851
1/2/1956,Georgia Tech,Pittsburgh,80175
1/2/1950,Oklahoma,Louisiana State,82470
1/2/1939,Texas Christian,Carnegie Mellon,50000
12/31/2021,Central Michigan,Washington State,34540
12/31/2019,Arizona State,Florida State,42412
12/31/2018,Stanford,Pittsburgh,40680
12/29/2017,North Carolina State,Arizona State,39897
12/30/2016,Stanford,North Carolina,42166
12/26/2015,Washington State,Miami,41180
12/27/2014,Arizona State,Duke,47809
12/31/2013,UCLA,Virginia Tech,47912
12/31/2012,Georgia Tech,Southern California,47922
12/31/2011,Utah,Georgia Tech,48123
12/31/2010,Notre Dame,Miami,54021
12/31/2009,Oklahoma,Stanford,53713
12/31/2008,Oregon State,Pittsburgh,49037
12/31/2007,Oregon,South Florida,49867
12/29/2006,Oregon State,Missouri,48732
12/30/2005,UCLA,Northwestern,50426
12/31/2004,Arizona State,Purdue,51288
12/31/2003,Minnesota,Oregon,49894
12/31/2002,Purdue,Washington,48917
12/31/2001,Washington State,Purdue,47812
12/29/2000,Wisconsin,UCLA,49093
12/31/1999,Oregon,Minnesota,48757
12/31/1998,Texas Christian,Southern California,46612
12/31/1997,Arizona State,Iowa,49104
12/31/1996,Stanford,Michigan State,42721
12/29/1995,Iowa,Washington,49116
12/30/1994,Texas,North Carolina,50612
12/24/1993,Oklahoma,Texas Tech,43848
12/31/1992,Baylor,Arizona,41622
12/31/1991,UCLA,Illinois,42281
12/31/1990,Michigan State,Southern California,50562
12/30/1989,Pittsburgh,Texas A&M,44887
12/24/1988,Alabama,Army,48719
12/25/1987,Oklahoma State,West Virginia,43240
12/25/1986,Alabama,Washington,48722
12/28/1985,Georgia,Arizona,52203
12/22/1984,Maryland,Tennessee,50126
12/24/1983,Alabama,Southern Methodist,41412
12/25/1982,North Carolina,Texas,31359
12/26/1981,Oklahoma,Houston,33816
12/27/1980,Nebraska,Mississippi State,34273
12/22/1979,Washington,Texas,33412
12/23/1978,Texas,Maryland,33122
12/31/1977,Stanford,Louisiana State,31318
1/2/1977,Texas A&M,Florida,33122
12/26/1975,Pittsburgh,Kansas,33240
12/28/1974,Mississippi State,North Carolina,30131
12/29/1973,Missouri,Auburn,30127
12/30/1972,North Carolina,Texas Tech,31312
12/18/1971,Louisiana State,Iowa State,33503
12/19/1970,Georgia Tech,Texas Tech,30512
12/20/1969,Nebraska,Georgia,29723
12/28/1968,Auburn,Arizona,32307
12/30/1967,Texas-El Paso,Mississippi,34685
12/24/1966,Wyoming,Florida State,24381
12/31/1965,Texas-El Paso,Texas Christian,27450
12/26/1964,Georgia,Texas Tech,28500
12/31/1963,Oregon,Southern Methodist,26500
12/31/1962,West Texas A&M,Ohio,16000
12/30/1961,Villanova,Wichita State,15000
12/31/1960,New Mexico State,Utah State,16000
12/31/1959,New Mexico State,North Texas,14000
12/31/1958,Wyoming,Hardin-Simmons,13000
1/2/1956,Wyoming,Texas Tech,14500
1/2/1950,Texas-El Paso,Georgetown,15000
1/2/1939,Utah,New Mexico,13000
1/4/1947,Hardin-Simmons,Denver,3730
12/28/1990,North Carolina State,Southern Mississippi,44000
12/28/1989,Texas Tech,Duke,47750
12/29/1988,Florida,Illinois,48218
12/22/1987,Virginia,Brigham Young,37000
12/31/1986,Florida State,Indiana,30000
12/31/1985,Georgia Tech,Michigan State,45000
12/29/1984,Kentucky,Wisconsin,47300
12/22/1983,West Virginia,Kentucky,42000
12/31/1982,Air Force,Vanderbilt,75000
12/31/1981,Mississippi State,Kansas,41672
12/27/1980,Arkansas,Tulane,30000
12/29/1979,Missouri,South Carolina,62785
12/20/1978,Texas A&M,Iowa State,41500
12/22/1977,Maryland,Minnesota,47000
12/25/2000,Boston College,Arizona State,24397
12/25/1999,Wake Forest,Arizona State,40974
12/25/1998,Colorado,Oregon,46451
12/25/1997,Washington,Michigan State,44598
12/25/1996,Navy,California,43380
12/25/1995,Kansas,UCLA,41111
12/25/1994,Boston College,Kansas State,44862
12/25/1993,Colorado,Fresno State,44009
12/25/1992,Kansas,Brigham Young,42933
12/25/1991,Georgia Tech,Stanford,34433
12/25/1990,Syracuse,Arizona,14185
12/25/1989,Michigan State,Hawaii,50000
12/25/1988,Washington State,Houston,35132
12/25/1987,UCLA,Florida,24839
12/27/1986,Arizona,North Carolina,26743
12/28/1985,Alabama,Southern California,35183
12/29/1984,Southern Methodist,Notre Dame,41777
12/26/1983,Penn State,Washington,37212
12/25/1982,Washington,Maryland,30055
12/31/2020,Ball State,San Jose State,0
12/31/2019,Wyoming,Georgia State,36892
12/29/2018,Nevada,Arkansas State,32368
12/29/2017,New Mexico State,Utah State,39132
12/30/2016,Air Force,South Alabama,33868
12/29/2015,Nevada,Colorado State,20425
12/9/1961,New Mexico,Western Michigan,3694
1/6/2014,Florida State,Auburn,94208
1/7/2013,Alabama,Notre Dame,80120
1/9/2012,Alabama,Louisiana State,78237
1/10/2011,Auburn,Oregon,78603
1/7/2010,Alabama,Texas,94906
1/8/2009,Florida,Oklahoma,78468
1/7/2008,Louisiana State,Ohio State,79651
1/8/2007,Florida,Ohio State,74628
12/31/2019,Kentucky,Virginia Tech,44138
12/29/2018,Virginia,South Carolina,48263
12/29/2017,Wake Forest,Texas A&M,32784
12/29/2016,Virginia Tech,Arkansas,73778
12/30/2015,Mississippi State,North Carolina State,46423
12/30/2014,Georgia,Louisville,45671
12/28/2013,North Carolina,Cincinnati,45211
12/27/2012,Cincinnati,Duke,48128
12/27/2011,North Carolina State,Louisville,58427
12/31/2010,South Florida,Clemson,41122
12/26/2009,Pittsburgh,North Carolina,50389
12/27/2008,West Virginia,North Carolina,73712
12/29/2007,Wake Forest,Connecticut,53126
12/30/2006,Boston College,Navy,52303
12/31/2005,North Carolina State,South Florida,57937
12/30/2004,Boston College,North Carolina,73238
12/27/2003,Virginia,Pittsburgh,51236
12/28/2002,Virginia,West Virginia,73535
12/31/1987,Texas,Pittsburgh,23282
12/31/1986,Baylor,Colorado,40476
12/31/1985,Air Force,Texas,42000
12/31/1984,West Virginia,Texas Christian,43260
12/31/1983,Oklahoma State,Baylor,50090
12/31/1982,Arkansas,Florida,31557
12/31/1981,Michigan,UCLA,40309
12/31/1980,North Carolina,Texas,30667
12/31/1979,Purdue,Tennessee,40542
12/31/1978,Stanford,Georgia,34084
12/31/1977,Southern California,Texas A&M,52842
12/31/1976,Nebraska,Texas Tech,48618
12/27/1975,Texas,Colorado,52748
12/23/1974,North Carolina State,Houston,35122
12/29/1973,Houston,Tulane,44358
12/30/1972,Tennessee,Louisiana State,52961
12/31/1971,Colorado,Houston,54720
12/31/1970,Oklahoma,Alabama,53289
12/31/1969,Houston,Auburn,55203
12/31/1968,Southern Methodist,Oklahoma,53543
12/23/1967,Colorado,Miami,30156
12/17/1966,Texas,Mississippi,67000
12/18/1965,Tennessee,Tulsa,40000
12/19/1964,Tulsa,Mississippi,50000
12/21/1963,Baylor,Louisiana State,50000
12/22/1962,Missouri,Georgia Tech,55000
12/16/1961,Kansas,Rice,52000
12/17/1960,Texas,Alabama,68000
12/19/1959,Clemson,Texas Christian,55000
12/13/1958,Oklahoma State,Florida State,7000
12/14/1991,Bowling Green,Fresno State,34825
12/8/1990,San Jose State,Central Michigan,25431
12/9/1989,Fresno State,Ball State,31610
12/10/1988,Fresno State,Western Michigan,31272
12/12/1987,Eastern Michigan,San Jose State,24000
12/13/1986,San Jose State,Miami,10743
12/14/1985,Fresno State,Bowling Green,32554
12/15/1984,Nevada-Las Vegas,Toledo,21741
12/17/1983,Northern Illinois,Cal State Fullerton,20464
12/18/1982,Fresno State,Bowling Green,30000
12/19/1981,Toledo,San Jose State,15565
12/21/1985,Maryland,Syracuse,51858
12/22/1984,Army,Michigan State,70332
1/2/1922,Texas A&M,Centre,12000
12/23/2020,Memphis,Florida Atlantic,2979
12/30/2019,California,Illinois,34177
12/31/2018,Oregon,Michigan State,30212
12/27/2017,Purdue,Arizona,28436
12/28/2016,Utah,Indiana,27608
12/26/2015,Nebraska,UCLA,33527
12/30/2014,Stanford,Maryland,34780
12/27/2013,Washington,Brigham Young,34136
12/29/2012,Arizona State,Navy,34172
12/31/2011,Illinois,UCLA,29878
1/9/2011,Nevada,Boston College,41063
12/26/2009,Southern California,Boston College,40121
12/27/2008,California,Miami,42268
12/28/2007,Oregon State,Maryland,32517
12/27/2006,Florida State,UCLA,40331
12/29/2005,Utah,Georgia Tech,25742
12/30/2004,Navy,New Mexico,30563
12/31/2003,Boston College,Colorado State,25621
12/31/2002,Virginia Tech,Air Force,25966
12/27/1994,Utah,Arizona,27477
12/30/1993,Southern California,Utah,37203
12/29/1992,Fresno State,Southern California,50745
12/30/1991,Tulsa,San Diego State,34217
12/29/1990,Colorado State,Oregon,41450
12/30/1989,Washington,Florida,33858
12/29/1988,Brigham Young,Colorado,35941
12/30/1987,Arizona State,Air Force,33261
12/30/1986,UCLA,Brigham Young,55422
12/30/1985,Washington,Colorado,30961
12/26/1984,Iowa,Texas,24093
12/13/1981,Tennessee,Wisconsin,38782
12/14/1980,Houston,Navy,41417
12/15/1979,Temple,California,55493
12/16/1978,Arizona State,Rutgers,33402
12/15/1962,Nebraska,Miami,6166
12/9/1961,Baylor,Utah State,15123
12/6/1947,Kentucky,Villanova,14908
12/24/2019,Hawaii,Brigham Young,21582
12/22/2018,Louisiana Tech,Hawaii,30911
12/24/2017,Fresno State,Houston,20546
12/24/2016,Hawaii,Middle Tennessee State,23175
12/24/2015,San Diego State,Cincinnati,22793
12/24/2014,Rice,Fresno State,25365
12/24/2013,Oregon State,Boise State,29106
12/24/2012,Southern Methodist,Fresno State,30024
12/24/2011,Southern Mississippi,Nevada,32630
12/24/2010,Tulsa,Hawaii,43673
12/24/2009,Southern Methodist,Nevada,32650
12/24/2008,Notre Dame,Hawaii,45718
12/23/2007,East Carolina,Boise State,30467
12/24/2006,Hawaii,Arizona State,43435
12/24/2005,Nevada,Central Florida,26254
12/24/2004,Hawaii,Alabama-Birmingham,39662
12/25/2003,Hawaii,Houston,29005
12/25/2002,Tulane,Hawaii,31535
12/27/2019,Iowa,Southern California,50123
12/31/2018,Northwestern,Utah,47007
12/28/2017,Michigan State,Washington State,47092
12/27/2016,Minnesota,Washington State,48704
12/30/2015,Wisconsin,Southern California,48329
12/27/2014,Southern California,Nebraska,55789
12/30/2013,Texas Tech,Arizona State,52930
12/27/2012,Baylor,UCLA,55507
12/28/2011,Texas,California,56313
12/30/2010,Washington,Nebraska,57291
12/30/2009,Nebraska,Arizona,64607
12/30/2008,Oregon,Oklahoma State,59106
12/27/2007,Texas,Arizona State,64020
12/28/2006,California,Texas A&M,62395
12/29/2005,Oklahoma,Oregon,65416
12/30/2004,Texas Tech,California,66222
12/30/2003,Washington State,Texas,61102
12/27/2002,Kansas State,Arizona State,58717
12/28/2001,Texas,Washington,60548
12/29/2000,Oregon,Texas,63278
12/29/1999,Kansas State,Washington,57118
12/30/1998,Arizona,Nebraska,65354
12/29/1997,Colorado State,Missouri,50761
12/30/1996,Colorado,Washington,54749
12/29/1995,Kansas State,Colorado State,51051
12/30/1994,Michigan,Colorado State,59453
12/30/1993,Ohio State,Brigham Young,52108
12/30/1992,Hawaii,Illinois,44457
12/30/1991,Iowa,Brigham Young,60646
12/29/1990,Texas A&M,Brigham Young,61441
12/29/1989,Penn State,Brigham Young,61113
12/30/1988,Oklahoma State,Wyoming,60718
12/30/1987,Iowa,Wyoming,61892
12/30/1986,Iowa,San Diego State,59473
12/22/1985,Arkansas,Arizona State,42324
12/21/1984,Brigham Young,Michigan,61243
12/23/1983,Brigham Young,Missouri,51480
12/17/1982,Ohio State,Brigham Young,52533
12/18/1981,Brigham Young,Washington State,52419
12/19/1980,Brigham Young,Southern Methodist,50214
12/21/1979,Indiana,Brigham Young,52200
12/22/1978,Navy,Brigham Young,52500
12/31/2005,Texas Christian,Iowa State,37280
12/29/2004,Colorado,Texas-El Paso,27235
12/30/2003,Texas Tech,Navy,51068
12/27/2002,Oklahoma State,Southern Mississippi,44687
12/28/2001,Texas A&M,Texas Christian,53480
12/27/2000,East Carolina,Texas Tech,33899
1/2/2010,South Florida,Northern Illinois,22185
1/3/2009,Connecticut,Buffalo,40184
1/5/2008,Rutgers,Ball State,31455
1/6/2007,Cincinnati,Western Michigan,26717
12/26/2013,Pittsburgh,Bowling Green,26259
12/26/2012,Central Michigan,Western Kentucky,23310
12/27/2011,Purdue,Western Michigan,46177
12/26/2010,Florida International,Toledo,32431
12/26/2009,Marshall,Ohio,30331
12/26/2008,Florida Atlantic,Central Michigan,41399
12/26/2007,Purdue,Central Michigan,60624
12/26/2006,Central Michigan,Middle Tennessee State,54113
12/26/2005,Memphis,Akron,50616
12/27/2004,Connecticut,Toledo,52552
12/26/2003,Bowling Green,Northwestern,51286
12/26/2002,Boston College,Toledo,51872
12/29/2001,Toledo,Cincinnati,44164
12/27/2000,Marshall,Cincinnati,52911
12/27/1999,Marshall,Brigham Young,44863
12/23/1998,Marshall,Louisville,32206
12/26/1997,Mississippi,Marshall,43340
12/25/1924,Southern California,Missouri,47000
12/19/2016,Tulsa,Central Michigan,15262
12/21/2015,Western Kentucky,South Florida,21712
12/22/2014,Memphis,Brigham Young,36742
12/27/2019,North Carolina,Temple,24242
12/31/2018,Cincinnati,Virginia Tech,32832
12/28/2017,Navy,Virginia,35921
12/27/2016,Wake Forest,Temple,26656
12/28/2015,Navy,Pittsburgh,36352
12/27/2014,Virginia Tech,Cincinnati,34277
12/27/2013,Marshall,Maryland,30163
12/27/2012,San Jose State,Bowling Green,17835
12/28/2011,Toledo,Air Force,25042
12/29/2010,Maryland,East Carolina,38062
12/29/2009,UCLA,Temple,23072
12/20/2008,Wake Forest,Navy,28777
12/18/1971,Memphis,San Jose State,
12/19/1970,Louisville,Long Beach State,
12/6/1969,San Diego State,Boston University,
12/7/1968,Grambling State,Sacramento State,
12/2/1967,West Texas A&M,Cal State Northridge,
12/21/2016,Brigham Young,Wyoming,28114
12/23/2015,Boise State,Northern Illinois,21501
12/23/2014,Navy,San Diego State,33077
12/26/2013,Utah State,Northern Illinois,23408
12/20/2012,Brigham Young,San Diego State,35442
12/21/2011,Texas Christian,Louisiana Tech,24607
12/23/2010,San Diego State,Navy,48049
12/23/2009,Utah,California,32665
12/23/2008,Texas Christian,Boise State,34628
12/20/2007,Utah,Navy,39129
12/19/2006,Texas Christian,Northern Illinois,29709
12/22/2005,Navy,Colorado State,36842
12/9/1950,Texas A&M,Georgia,12245
12/25/1922,West Virginia,Gonzaga,5000
12/26/1921,Centre,Arizona,5000
12/30/2002,Wake Forest,Oregon,38241
12/27/2001,Georgia Tech,Stanford,30144
12/24/2000,Georgia,Virginia,24187
12/25/1999,Hawaii,Oregon State,40974
12/25/1998,Air Force,Washington,46451
12/18/1948,Hardin-Simmons,Ouachita,
12/30/2004,Northern Illinois,Troy,21456
12/30/2003,Fresno State,UCLA,20126
12/31/2002,Fresno State,Georgia Tech,10132
12/31/2001,Michigan State,Fresno State,30456
12/31/2000,Air Force,Fresno State,26542
